parent1,child1,parent1@gmail.com,parent1,1,0
parent2,child2,parent2@gmail.com,parent2,1,0
parent3,child3,parent3@gmail.com,parent3,1,0
parent4,child4,parent4@gmail.com,parent4,1,0
parent5,child5,parent5@gmail.com,parent5,1,0
parent6,child6,parent6@gmail.com,parent6,1,0
parent7,child7,parent7@gmail.com,parent7,1,0
parent8,child8,parent8@gmail.com,parent8,1,0
parent9,child9,parent9@gmail.com,parent9,1,0
parent10,child10,parent10@gmail.com,parent10,1,0
parent11,child11,parent11@gmail.com,parent11,1,0
parent12,child12,parent12@gmail.com,parent12,1,0
parent13,child13,parent13@gmail.com,parent13,1,0
parent14,child14,parent14@gmail.com,parent14,1,0
parent15,child15,parent15@gmail.com,parent15,1,0
parent16,child16,parent16@gmail.com,parent16,1,0
parent17,child17,parent17@gmail.com,parent17,1,0
parent18,child18,parent18@gmail.com,parent18,1,0
parent19,child19,parent19@gmail.com,parent19,1,0
parent20,child20,parent20@gmail.com,parent20,1,0
parent21,child21,parent21@gmail.com,parent21,1,0
parent22,child22,parent22@gmail.com,parent22,1,0
parent23,child23,parent23@gmail.com,parent23,1,0
parent24,child24,parent24@gmail.com,parent24,1,0
parent25,child25,parent25@gmail.com,parent25,1,0
parent26,child26,parent26@gmail.com,parent26,1,0
parent27,child27,parent27@gmail.com,parent27,1,0
parent28,child28,parent28@gmail.com,parent28,1,0
parent29,child29,parent29@gmail.com,parent29,1,0
parent30,child30,parent30@gmail.com,parent30,1,0
parent31,child31,parent31@gmail.com,parent31,1,0
parent32,child32,parent32@gmail.com,parent32,1,0
parent33,child33,parent33@gmail.com,parent33,1,0
parent34,child34,parent34@gmail.com,parent34,1,0
parent35,child35,parent35@gmail.com,parent35,1,0
parent36,child36,parent36@gmail.com,parent36,1,0
parent37,child37,parent37@gmail.com,parent37,1,0
parent38,child38,parent38@gmail.com,parent38,1,0
parent39,child39,parent39@gmail.com,parent39,1,0
parent40,child40,parent40@gmail.com,parent40,1,0
parent41,child41,parent41@gmail.com,parent41,1,0
parent42,child42,parent42@gmail.com,parent42,1,0
parent43,child43,parent43@gmail.com,parent43,1,0
parent44,child44,parent44@gmail.com,parent44,1,0
parent45,child45,parent45@gmail.com,parent45,1,0
parent46,child46,parent46@gmail.com,parent46,1,0
parent47,child47,parent47@gmail.com,parent47,1,0
parent48,child48,parent48@gmail.com,parent48,1,0
parent49,child49,parent49@gmail.com,parent49,1,0
parent50,child50,parent50@gmail.com,parent50,1,0
parent51,child51,parent51@gmail.com,parent51,1,0
parent52,child52,parent52@gmail.com,parent52,1,0
parent53,child53,parent53@gmail.com,parent53,1,0
parent54,child54,parent54@gmail.com,parent54,1,0
parent55,child55,parent55@gmail.com,parent55,1,0
parent56,child56,parent56@gmail.com,parent56,1,0
parent57,child57,parent57@gmail.com,parent57,1,0
parent58,child58,parent58@gmail.com,parent58,1,0
parent59,child59,parent59@gmail.com,parent59,1,0
parent60,child60,parent60@gmail.com,parent60,1,0
parent61,child61,parent61@gmail.com,parent61,1,0
parent62,child62,parent62@gmail.com,parent62,1,0
parent63,child63,parent63@gmail.com,parent63,1,0
parent64,child64,parent64@gmail.com,parent64,1,0
parent65,child65,parent65@gmail.com,parent65,1,0
parent66,child66,parent66@gmail.com,parent66,1,0
parent67,child67,parent67@gmail.com,parent67,1,0
parent68,child68,parent68@gmail.com,parent68,1,0
parent69,child69,parent69@gmail.com,parent69,1,0
parent70,child70,parent70@gmail.com,parent70,1,0
parent71,child71,parent71@gmail.com,parent71,1,0
parent72,child72,parent72@gmail.com,parent72,1,0
parent73,child73,parent73@gmail.com,parent73,1,0
parent74,child74,parent74@gmail.com,parent74,1,0
parent75,child75,parent75@gmail.com,parent75,1,0
parent76,child76,parent76@gmail.com,parent76,1,0
parent77,child77,parent77@gmail.com,parent77,1,0
parent78,child78,parent78@gmail.com,parent78,1,0
parent79,child79,parent79@gmail.com,parent79,1,0
parent80,child80,parent80@gmail.com,parent80,1,0
parent81,child81,parent81@gmail.com,parent81,1,0
parent82,child82,parent82@gmail.com,parent82,1,0
parent83,child83,parent83@gmail.com,parent83,1,0
parent84,child84,parent84@gmail.com,parent84,1,0
parent85,child85,parent85@gmail.com,parent85,1,0
parent86,child86,parent86@gmail.com,parent86,1,0
parent87,child87,parent87@gmail.com,parent87,1,0
parent88,child88,parent88@gmail.com,parent88,1,0
parent89,child89,parent89@gmail.com,parent89,1,0
parent90,child90,parent90@gmail.com,parent90,1,0
parent91,child91,parent91@gmail.com,parent91,1,0
parent92,child92,parent92@gmail.com,parent92,1,0
parent93,child93,parent93@gmail.com,parent93,1,0
parent94,child94,parent94@gmail.com,parent94,1,0
parent95,child95,parent95@gmail.com,parent95,1,0
parent96,child96,parent96@gmail.com,parent96,1,0
parent97,child97,parent97@gmail.com,parent97,1,0
parent98,child98,parent98@gmail.com,parent98,1,0
parent99,child99,parent99@gmail.com,parent99,1,0
parent100,child100,parent100@gmail.com,parent100,1,0
parent101,child101,parent101@gmail.com,parent101,1,0
parent102,child102,parent102@gmail.com,parent102,1,0
parent103,child103,parent103@gmail.com,parent103,1,0
parent104,child104,parent104@gmail.com,parent104,1,0
parent105,child105,parent105@gmail.com,parent105,1,0
parent106,child106,parent106@gmail.com,parent106,1,0
parent107,child107,parent107@gmail.com,parent107,1,0
parent108,child108,parent108@gmail.com,parent108,1,0
parent109,child109,parent109@gmail.com,parent109,1,0
parent110,child110,parent110@gmail.com,parent110,1,0
parent111,child111,parent111@gmail.com,parent111,1,0
parent112,child112,parent112@gmail.com,parent112,1,0
parent113,child113,parent113@gmail.com,parent113,1,0
parent114,child114,parent114@gmail.com,parent114,1,0
parent115,child115,parent115@gmail.com,parent115,1,0
parent116,child116,parent116@gmail.com,parent116,1,0
parent117,child117,parent117@gmail.com,parent117,1,0
parent118,child118,parent118@gmail.com,parent118,1,0
parent119,child119,parent119@gmail.com,parent119,1,0
parent120,child120,parent120@gmail.com,parent120,1,0
parent121,child121,parent121@gmail.com,parent121,1,0
parent122,child122,parent122@gmail.com,parent122,1,0
parent123,child123,parent123@gmail.com,parent123,1,0
parent124,child124,parent124@gmail.com,parent124,1,0
parent125,child125,parent125@gmail.com,parent125,1,0